Strategy,Profit
EMA,819.7468995241361
SMA,-2175.21841895557
Scalping,-2626.022370317325
RSI_MA,-3375.2404588324134
supertrend,-3904.2684596727922
