Strategy,Profit
EMA,-46.27652040688554
SMA,-1863.4834360482782
supertrend,-6505.646346381109
RSI_MA,-7315.510229056701
Scalping,-14153.192445574183
