Strategy,Profit
SMA,-2976.9939471109246
EMA,-3964.422815615966
RSI_MA,-5142.265916133911
supertrend,-12161.699287725016
Scalping,-26660.979358880722
