Strategy,Profit
SMA,-498.7100533165649
EMA,-2964.266396775478
RSI_MA,-6106.298491080102
supertrend,-14229.002979148223
Scalping,-29792.29497093396
