Strategy,Profit
SMA,-594.5699370994407
EMA,-2281.8005483743327
RSI_MA,-6817.707981833839
supertrend,-8456.726770735273
Scalping,-22880.342079811555
