Strategy,Profit
EMA,6936.601167179833
SMA,2794.9782863360742
supertrend,1193.9672285759007
RSI_MA,-2281.22583705539
Scalping,-7936.872264473932
