Strategy,Profit
SMA,0.0
RSI_MA,-967.0325456748396
Scalping,-967.0325456748396
supertrend,-3186.1825928676117
EMA,-3186.1825928676117
