Strategy,Profit
SMA,-310.4646571264602
EMA,-2143.9007535258716
RSI_MA,-4039.003743199195
supertrend,-8914.208284838387
Scalping,-33385.585389966946
