Strategy,Profit
SMA,-1125.9816116944276
EMA,-4264.906750494614
RSI_MA,-5119.674085855848
supertrend,-10438.452419048946
Scalping,-19807.31244262986
