Strategy,Profit
SMA,-982.1785528709297
EMA,-4469.379804802418
RSI_MA,-6247.830839565373
supertrend,-11518.985846436452
Scalping,-43584.31263425095
