Strategy,Profit
EMA,274.57981853964156
supertrend,-249.37655860348605
RSI_MA,-933.1479832288896
SMA,-949.3505205258552
Scalping,-1064.7818853397912
