Strategy,Profit
SMA,1757.2883623659873
EMA,-1211.2777843184303
supertrend,-4683.813781269069
RSI_MA,-8138.480498953184
Scalping,-13237.68074003172
