Strategy,Profit
SMA,-933.1390227592055
EMA,-2652.309625368842
RSI_MA,-5511.331256853315
supertrend,-8555.388824546055
Scalping,-12309.160070720944
