Strategy,Profit
SMA,-51.36048587168625
EMA,-1182.8555439862976
supertrend,-3083.5352724947006
RSI_MA,-4234.483396696785
Scalping,-6439.656058609136
