Strategy,Profit
supertrend,0.0
RSI_MA,0.0
Scalping,0.0
EMA,-249.3765586034715
SMA,-249.3765586034715
