Strategy,Profit
RSI_MA,-1307.5392898118153
SMA,-1803.2850495118473
Scalping,-1962.5807194281806
EMA,-2756.564485988376
supertrend,-2823.235031624965
