Strategy,Profit
supertrend,0.0
EMA,0.0
SMA,0.0
RSI_MA,-249.37655860348605
Scalping,-249.37655860348605
