Strategy,Profit
SMA,-1236.5001647150784
EMA,-3564.140276443053
RSI_MA,-6813.340765636836
supertrend,-16091.749914165426
Scalping,-41441.484633431115
