Strategy,Profit
RSI_MA,-10.682906859714421
Scalping,-10.682906859714421
supertrend,-249.37655860348605
EMA,-1519.784909050839
SMA,-3461.8247740759252
