Strategy,Profit
EMA,6895.09083442681
SMA,6677.784691869761
RSI_MA,-2800.156351878424
Scalping,-4397.384071319437
supertrend,-6856.173090498953
