Strategy,Profit
SMA,-1464.482349048776
RSI_MA,-2244.845014815859
Scalping,-2610.88837142229
EMA,-3661.136188968594
supertrend,-6005.239743917657
